method_name,total_queries,avg_execution_time_ms,avg_num_results,recall,mrr,success_rate,avg_relevant_rank,precision_at_1,precision_at_3,precision_at_5,precision_at_10,real_queries,real_success_rate,real_mrr,synthetic_queries,synthetic_success_rate,synthetic_mrr
semantic,760,390.6686654216365,10.0,0.9921052631578947,0.8812484335839599,0.9921052631578947,1.4283819628647214,0.8171052631578948,0.3109649122807018,0.19342105263157894,0.09921052631578949,496,0.9879032258064516,0.8518745199692781,264,1.0,0.9364357864357864
hybrid_reranking,760,562.8652246374833,10.0,0.993421052631579,0.8157456140350877,0.993421052631579,1.6225165562913908,0.7078947368421052,0.306140350877193,0.1926315789473684,0.0993421052631579,496,0.9899193548387096,0.8037362391193036,264,1.0,0.838308682058682
hybrid,760,361.25752047488567,10.0,0.9907894736842106,0.7920206766917294,0.9907894736842106,1.698539176626826,0.6697368421052632,0.3021929824561404,0.19184210526315787,0.09907894736842104,496,0.9879032258064516,0.7745967741935482,264,0.9962121212121212,0.8247564935064935
