{
  "total_questions": 760,
  "real_questions": 496,
  "synthetic_questions": 264,
  "unique_documents": 132,
  "average_question_length": 79.79868421052632,
  "creation_date": "2025-06-03T21:10:15.380485"
}